Name,Age,Number,Email,salary,duration,year,month
Bilal,36,3378359265,bilal0@gmail.com,81362,62,2011,8
Sana,40,3604123480,sana1@gmail.com,108980,111,2017,9
Danish,33,3283801487,danish2@gmail.com,54138,7,2021,6
Tariq,28,3416376545,tariq3@gmail.com,81201,75,2023,5
Faisal,20,3545325276,faisal4@gmail.com,73167,84,2023,12
Ayesha,32,3258389906,ayesha5@gmail.com,94147,80,2024,9
Danish,23,3250804118,danish6@gmail.com,36387,4,2015,12
Adnan,20,3771691218,adnan7@gmail.com,40220,6,2022,11
Bilal,59,3479517720,bilal8@gmail.com,97277,58,2017,9
Farah,51,3196484277,farah9@gmail.com,72387,22,2020,1
Waqas,53,3700257778,waqas10@gmail.com,79977,26,2024,11
Salman,47,3024669000,salman11@gmail.com,59067,3,2006,3
Faisal,50,3309765760,faisal12@gmail.com,75176,41,2010,9
Faisal,27,3332520489,faisal13@gmail.com,78527,60,2020,11
Amna,58,3776466322,amna14@gmail.com,115365,106,2015,2
Adnan,45,3707039712,adnan15@gmail.com,61084,14,2012,12
Zainab,53,3080735137,zainab16@gmail.com,96162,75,2018,4
Ayesha,22,3778127183,ayesha17@gmail.com,74333,82,2021,4
Amna,31,3853171947,amna18@gmail.com,109021,118,2024,2
Ahmed,20,3174766951,ahmed19@gmail.com,55209,12,2016,3
Iqra,24,3578672017,iqra20@gmail.com,80891,87,2024,3
Adnan,49,3242302497,adnan21@gmail.com,67377,12,2011,1
Sara,49,3798843224,sara22@gmail.com,61970,13,2017,6
Amna,36,3236797820,amna23@gmail.com,57348,25,2011,8
Hina,42,3403939372,hina24@gmail.com,82788,45,2017,12
Laiba,34,3377921157,laiba25@gmail.com,95132,115,2010,3
Fatima,56,3385058836,fatima26@gmail.com,64909,19,2015,5
Sara,40,3758060665,sara27@gmail.com,76064,55,2014,1
Mahnoor,33,3289381445,mahnoor28@gmail.com,101718,110,2014,10
Adnan,21,3495728479,adnan29@gmail.com,86718,100,2016,7
Ali,30,3350215016,ali30@gmail.com,67403,45,2021,10
Hina,58,3350361647,hina31@gmail.com,64871,8,2005,1
Farah,57,3761611754,farah32@gmail.com,116033,93,2024,12
Iqra,53,3377047590,iqra33@gmail.com,105532,119,2018,11
Danish,57,3958085406,danish34@gmail.com,88046,53,2023,9
Hina,53,3738001897,hina35@gmail.com,88532,55,2021,8
Zeeshan,37,3097371145,zeeshan36@gmail.com,67323,32,2018,7
Imran,49,3077642269,imran37@gmail.com,91549,51,2022,10
Junaid,34,3922986488,junaid38@gmail.com,62075,44,2015,7
Junaid,46,3919100147,junaid39@gmail.com,102685,82,2016,5
Mariam,53,3339206417,mariam40@gmail.com,92137,70,2014,5
Mahnoor,57,3142955451,mahnoor41@gmail.com,69150,18,2008,11
Mahnoor,52,3062745175,mahnoor42@gmail.com,100007,83,2004,5
Sadia,43,3645588723,sadia43@gmail.com,58984,22,2006,1
Tariq,34,3474059132,tariq44@gmail.com,70651,37,2022,8
Laiba,49,3265712968,laiba45@gmail.com,100977,96,2010,12
Laiba,36,3450281950,laiba46@gmail.com,72152,56,2015,11
Tariq,24,3059537422,tariq47@gmail.com,95160,105,2018,1
Laiba,48,3590348803,laiba48@gmail.com,79284,59,2008,4
Waqas,23,3641577150,waqas49@gmail.com,39345,3,2018,9
Hina,29,3487392423,hina50@gmail.com,44998,28,2011,9
Salman,36,3725319176,salman51@gmail.com,91598,74,2013,5
Sana,29,3252553836,sana52@gmail.com,105233,115,2019,4
Zeeshan,36,3208974984,zeeshan53@gmail.com,76151,35,2011,3
Ahmed,39,3186980505,ahmed54@gmail.com,82392,61,2004,3
Hassan,43,3784917891,hassan55@gmail.com,92552,93,2015,12
Waqas,24,3068709584,waqas56@gmail.com,64743,54,2008,5
Bilal,53,3086491407,bilal57@gmail.com,83910,63,2006,10
Adnan,25,3355541134,adnan58@gmail.com,81390,79,2004,1
Usman,21,3660495970,usman59@gmail.com,74694,97,2007,5
Bilal,32,3246552440,bilal60@gmail.com,39454,7,2011,6
Rabia,30,3584851251,rabia61@gmail.com,68551,76,2006,7
Zainab,42,3889123908,zainab62@gmail.com,72358,49,2013,12
Zeeshan,35,3895580406,zeeshan63@gmail.com,85853,94,2005,9
Mahnoor,50,3698223876,mahnoor64@gmail.com,93192,85,2014,3
Nida,30,3277414675,nida65@gmail.com,66149,31,2013,2
Rabia,35,3247896142,rabia66@gmail.com,79649,58,2024,3
Farah,27,3700196497,farah67@gmail.com,72061,61,2017,12
Usman,23,3583746158,usman68@gmail.com,54146,24,2010,9
Farah,59,3769085185,farah69@gmail.com,72781,20,2005,12
Adnan,23,3283807324,adnan70@gmail.com,49557,37,2012,7
Sara,44,3780569100,sara71@gmail.com,47199,4,2019,9
Sana,22,3081369859,sana72@gmail.com,77175,92,2016,2
Mahnoor,51,3945569097,mahnoor73@gmail.com,118727,108,2012,5
Tariq,22,3895069372,tariq74@gmail.com,41023,20,2023,4
Mahnoor,46,3159863902,mahnoor75@gmail.com,83466,60,2007,2
Bilal,48,3570921576,bilal76@gmail.com,72270,24,2013,9
Hina,51,3557282311,hina77@gmail.com,84527,50,2015,9
Danish,38,3594804802,danish78@gmail.com,75695,49,2020,6
Ayesha,40,3211402223,ayesha79@gmail.com,78678,51,2017,11
Tariq,24,3299544766,tariq80@gmail.com,86996,96,2017,6
Ahmed,37,3992484717,ahmed81@gmail.com,104445,105,2005,8
Nida,47,3245316351,nida82@gmail.com,70399,36,2024,6
Imran,41,3633016840,imran83@gmail.com,112202,117,2023,1
Zainab,40,3591115229,zainab84@gmail.com,88909,98,2014,4
Rabia,25,3026592372,rabia85@gmail.com,78131,100,2019,7
Ayesha,20,3003991818,ayesha86@gmail.com,67992,66,2022,2
Zainab,24,3947689058,zainab87@gmail.com,76917,79,2009,9
Sara,60,3658090468,sara88@gmail.com,92553,34,2022,8
Laiba,31,3593243644,laiba89@gmail.com,70099,36,2008,8
Fatima,45,3105733417,fatima90@gmail.com,60499,6,2007,7
Iqra,53,3468631436,iqra91@gmail.com,83736,39,2018,4
Mariam,33,3899605667,mariam92@gmail.com,63100,42,2007,2
Zainab,45,3000250231,zainab93@gmail.com,105544,115,2023,3
Iqra,46,3714093196,iqra94@gmail.com,110270,115,2013,12
Danish,28,3751160587,danish95@gmail.com,72452,58,2006,6
Rabia,45,3457720356,rabia96@gmail.com,114691,118,2008,12
Farah,41,3694607355,farah97@gmail.com,47868,12,2009,12
Hina,49,3034533367,hina98@gmail.com,63770,3,2024,5
Sara,36,3173039688,sara99@gmail.com,102042,109,2011,12
Mariam,45,3042973491,mariam100@gmail.com,62549,18,2010,8
Laiba,55,3052461766,laiba101@gmail.com,83861,40,2024,6
Zainab,20,3268856449,zainab102@gmail.com,46528,21,2013,6
Nida,27,3775153397,nida103@gmail.com,48087,15,2009,1
Sadia,54,3690126647,sadia104@gmail.com,106393,97,2017,4
Tariq,34,3780386875,tariq105@gmail.com,93875,99,2007,5
Ayesha,41,3900612886,ayesha106@gmail.com,62453,26,2016,12
Nida,33,3516990566,nida107@gmail.com,42664,8,2023,11
Salman,45,3973072167,salman108@gmail.com,101992,100,2020,3
Mahnoor,47,3230876991,mahnoor109@gmail.com,101582,112,2010,9
Zeeshan,42,3625358310,zeeshan110@gmail.com,100400,94,2007,1
Laiba,33,3359595860,laiba111@gmail.com,89579,87,2017,6
Ayesha,43,3792609942,ayesha112@gmail.com,68223,42,2006,6
Adnan,21,3583855772,adnan113@gmail.com,61103,44,2008,10
Sadia,45,3229289165,sadia114@gmail.com,61840,14,2019,5
Kamran,33,3532348889,kamran115@gmail.com,77944,78,2023,12
Rabia,26,3136970418,rabia116@gmail.com,34503,2,2007,5
Tariq,22,3585353412,tariq117@gmail.com,99564,119,2005,10
Adnan,42,3068112374,adnan118@gmail.com,67853,37,2021,5
Amna,37,3650134238,amna119@gmail.com,84876,69,2022,6
Farah,57,3823154776,farah120@gmail.com,87719,38,2022,8
Zeeshan,54,3652346142,zeeshan121@gmail.com,119450,109,2020,2
Mahnoor,34,3926162353,mahnoor122@gmail.com,77847,41,2017,6
Mahnoor,44,3337404691,mahnoor123@gmail.com,79718,62,2022,1
Mahnoor,56,3616565483,mahnoor124@gmail.com,116018,118,2016,4
Kamran,47,3233929910,kamran125@gmail.com,79101,60,2015,10
Usman,29,3561426640,usman126@gmail.com,92720,111,2009,3
Danish,58,3783651308,danish127@gmail.com,78897,14,2024,9
Tariq,36,3737483905,tariq128@gmail.com,98541,120,2007,3
Kamran,58,3924318360,kamran129@gmail.com,122867,103,2022,6
Ali,41,3984878092,ali130@gmail.com,95976,89,2019,1
Zeeshan,45,3765294201,zeeshan131@gmail.com,90055,84,2016,12
Bilal,44,3322382694,bilal132@gmail.com,42343,2,2007,6
Usman,36,3567018203,usman133@gmail.com,91462,103,2020,4
Amna,32,3888276073,amna134@gmail.com,71271,70,2004,8
Ali,39,3971140470,ali135@gmail.com,57954,17,2021,11
Hina,44,3019138117,hina136@gmail.com,106130,89,2023,9
Ayesha,23,3502345410,ayesha137@gmail.com,55195,28,2020,4
Amna,29,3267102905,amna138@gmail.com,70205,66,2018,10
Faisal,22,3632335458,faisal139@gmail.com,54143,35,2014,12
Waqas,60,3762212945,waqas140@gmail.com,124358,101,2016,10
Imran,37,3887258698,imran141@gmail.com,55470,5,2004,6
Ayesha,55,3623709045,ayesha142@gmail.com,93728,65,2020,1
Ahmed,41,3271727443,ahmed143@gmail.com,73091,40,2009,4
Ahmed,53,3584409412,ahmed144@gmail.com,102250,76,2007,7
Ali,27,3997397458,ali145@gmail.com,61765,56,2023,12
Junaid,59,3636860117,junaid146@gmail.com,81138,36,2019,1
Hassan,38,3667117370,hassan147@gmail.com,82200,45,2018,8
Mariam,60,3029268923,mariam148@gmail.com,76195,23,2018,12
Bilal,56,3082298322,bilal149@gmail.com,69155,47,2009,10
Farah,25,3100533117,farah150@gmail.com,53095,31,2018,12
Usman,45,3853116270,usman151@gmail.com,65023,11,2017,11
Mahnoor,53,3736644413,mahnoor152@gmail.com,64433,10,2014,6
Bilal,25,3143397007,bilal153@gmail.com,72877,67,2010,5
Usman,56,3266621311,usman154@gmail.com,124891,118,2012,10
Ayesha,52,3683985111,ayesha155@gmail.com,65325,14,2019,11
Hina,41,3323030376,hina156@gmail.com,85403,80,2008,9
Sara,40,3516393283,sara157@gmail.com,89467,74,2023,2
Ali,25,3193522702,ali158@gmail.com,84089,93,2013,5
Sadia,25,3005492952,sadia159@gmail.com,44370,10,2021,6
Salman,23,3316671467,salman160@gmail.com,71476,76,2006,7
Salman,49,3631339958,salman161@gmail.com,100057,94,2016,5
Laiba,30,3065256994,laiba162@gmail.com,97251,105,2014,9
Amna,49,3412850358,amna163@gmail.com,61496,1,2020,1
Hassan,50,3614873357,hassan164@gmail.com,53420,5,2016,7
Ahmed,43,3785177520,ahmed165@gmail.com,57954,20,2009,10
Hina,28,3677385682,hina166@gmail.com,45665,8,2020,7
Ayesha,22,3886016869,ayesha167@gmail.com,54028,43,2016,4
Iqra,50,3608032355,iqra168@gmail.com,100587,76,2022,9
Junaid,59,3544071174,junaid169@gmail.com,67366,1,2024,12
Ahmed,56,3109821469,ahmed170@gmail.com,93545,57,2022,11
Ali,55,3383285714,ali171@gmail.com,90696,64,2013,5
Ahmed,43,3163080496,ahmed172@gmail.com,98034,118,2006,4
Hassan,50,3268140504,hassan173@gmail.com,89648,84,2017,7
Tariq,25,3658195599,tariq174@gmail.com,56348,28,2022,4
Nida,21,3074798069,nida175@gmail.com,86835,107,2008,3
Ahmed,39,3468209895,ahmed176@gmail.com,67093,37,2008,9
Ali,47,3267966130,ali177@gmail.com,81472,47,2023,11
Hassan,30,3353930961,hassan178@gmail.com,94373,101,2020,8
Farah,23,3287516379,farah179@gmail.com,81245,76,2024,1
Salman,34,3429358671,salman180@gmail.com,64623,37,2013,7
Nida,25,3252657139,nida181@gmail.com,64905,49,2008,9
Bilal,49,3538969641,bilal182@gmail.com,111457,113,2007,8
Junaid,57,3197240080,junaid183@gmail.com,119598,120,2009,8
Usman,21,3225341118,usman184@gmail.com,54671,44,2007,6
Tariq,34,3756795564,tariq185@gmail.com,66819,56,2010,11
Tariq,30,3466854860,tariq186@gmail.com,51901,28,2010,4
Farah,27,3521044998,farah187@gmail.com,97088,111,2021,8
Mariam,45,3460553370,mariam188@gmail.com,90922,79,2006,3
Mahnoor,24,3150683145,mahnoor189@gmail.com,35668,6,2004,9
Kamran,25,3062925345,kamran190@gmail.com,81959,108,2007,2
Waqas,45,3101784099,waqas191@gmail.com,85182,61,2009,2
Bilal,23,3630050712,bilal192@gmail.com,48971,20,2012,12
Imran,38,3695005701,imran193@gmail.com,113518,114,2017,12
Sana,39,3817430423,sana194@gmail.com,89709,78,2015,7
Danish,52,3418792337,danish195@gmail.com,62307,2,2023,12
Zainab,39,3837621974,zainab196@gmail.com,77535,73,2007,10
Laiba,31,3443795589,laiba197@gmail.com,70760,37,2024,4
Hassan,20,3784005404,hassan198@gmail.com,44539,20,2015,10
Salman,45,3335694973,salman199@gmail.com,66667,26,2013,8
Bilal,33,3350541720,bilal200@gmail.com,55430,29,2010,9
Kamran,57,3230950326,kamran201@gmail.com,59110,1,2006,7
Tariq,56,3002488144,tariq202@gmail.com,125641,119,2017,5
Faisal,30,3727382701,faisal203@gmail.com,53093,35,2013,8
Danish,55,3625884311,danish204@gmail.com,105627,70,2019,4
Zainab,32,3993339722,zainab205@gmail.com,101638,101,2019,2
Kamran,22,3045399577,kamran206@gmail.com,91030,117,2013,11
Bilal,52,3515193970,bilal207@gmail.com,84381,59,2016,12
Junaid,25,3240720765,junaid208@gmail.com,59924,69,2009,6
Waqas,29,3266563041,waqas209@gmail.com,50743,33,2015,9
Iqra,24,3273523995,iqra210@gmail.com,95750,113,2012,1
Mahnoor,42,3225039234,mahnoor211@gmail.com,78277,51,2016,11
Sara,29,3760755274,sara212@gmail.com,79568,78,2007,10
Mariam,21,3478536869,mariam213@gmail.com,30572,12,2014,12
Kamran,32,3022074556,kamran214@gmail.com,96321,106,2023,7
Laiba,59,3589699149,laiba215@gmail.com,83136,20,2021,10
Zeeshan,21,3839277490,zeeshan216@gmail.com,59820,53,2014,9
Adnan,39,3869244505,adnan217@gmail.com,101839,114,2024,10
Fatima,20,3361874095,fatima218@gmail.com,74342,88,2007,9
Mahnoor,56,3338540564,mahnoor219@gmail.com,81545,43,2021,10
Mahnoor,28,3784486965,mahnoor220@gmail.com,87068,98,2004,11
Hina,36,3697132215,hina221@gmail.com,89203,89,2010,3
Hina,28,3007838941,hina222@gmail.com,65616,50,2009,11
Sana,30,3831394618,sana223@gmail.com,50610,29,2018,5
Laiba,34,3266057031,laiba224@gmail.com,72556,57,2021,8
Laiba,43,3520771762,laiba225@gmail.com,76352,39,2014,8
Faisal,57,3840738579,faisal226@gmail.com,106029,95,2023,4
Farah,54,3169397359,farah227@gmail.com,84384,56,2018,12
Salman,49,3270237407,salman228@gmail.com,114196,111,2019,11
Mahnoor,50,3142659285,mahnoor229@gmail.com,78734,43,2010,11
Zeeshan,24,3466031674,zeeshan230@gmail.com,61756,50,2024,1
Bilal,33,3228685126,bilal231@gmail.com,53208,23,2013,1
Laiba,30,3565590920,laiba232@gmail.com,65966,44,2015,4
Ali,28,3880643968,ali233@gmail.com,63548,38,2017,6
Ali,53,3420219548,ali234@gmail.com,94254,84,2008,8
Zeeshan,31,3352040135,zeeshan235@gmail.com,58122,23,2024,6
Junaid,54,3763315511,junaid236@gmail.com,92360,45,2021,12
Laiba,54,3630661109,laiba237@gmail.com,83821,52,2008,9
Zeeshan,20,3009941699,zeeshan238@gmail.com,65201,80,2006,9
Sana,59,3536783906,sana239@gmail.com,81770,50,2008,2
Kamran,41,3528466298,kamran240@gmail.com,103796,106,2020,10
Usman,48,3594211202,usman241@gmail.com,122479,119,2022,1
Ahmed,27,3725241589,ahmed242@gmail.com,44796,8,2022,2
Bilal,30,3245438700,bilal243@gmail.com,101946,114,2024,5
Fatima,60,3230359655,fatima244@gmail.com,102818,85,2015,4
Ayesha,56,3471070214,ayesha245@gmail.com,66616,1,2012,4
Junaid,33,3934005018,junaid246@gmail.com,94172,119,2004,9
Usman,49,3899676160,usman247@gmail.com,59778,8,2021,11
Laiba,54,3968410842,laiba248@gmail.com,80850,29,2024,8
Hassan,40,3935068111,hassan249@gmail.com,84703,96,2007,6
Ali,56,3425622757,ali250@gmail.com,113370,102,2013,1
Waqas,24,3378610630,waqas251@gmail.com,32305,5,2010,2
Mariam,38,3572936363,mariam252@gmail.com,99983,111,2004,6
Hina,33,3835521622,hina253@gmail.com,86440,86,2020,11
Amna,45,3722751016,amna254@gmail.com,84329,47,2005,2
Tariq,23,3303019130,tariq255@gmail.com,50434,34,2014,10
Junaid,44,3371266378,junaid256@gmail.com,93313,65,2012,5
Iqra,44,3758682921,iqra257@gmail.com,81435,55,2010,5
Amna,37,3210065268,amna258@gmail.com,103893,119,2020,6
Usman,59,3584318880,usman259@gmail.com,112654,90,2020,6
Sana,27,3812589745,sana260@gmail.com,55878,43,2005,6
Imran,58,3651946558,imran261@gmail.com,100111,74,2009,2
Laiba,59,3946542051,laiba262@gmail.com,76531,30,2017,10
Imran,33,3334268580,imran263@gmail.com,107351,114,2009,3
Farah,51,3047732712,farah264@gmail.com,100727,82,2005,6
Sana,57,3248567482,sana265@gmail.com,68259,17,2004,8
Hina,52,3448020862,hina266@gmail.com,79946,26,2013,12
Laiba,42,3975816912,laiba267@gmail.com,57971,8,2024,11
Bilal,34,3905801442,bilal268@gmail.com,71388,47,2008,12
Sara,52,3184954287,sara269@gmail.com,108092,104,2005,1
Ahmed,44,3338052484,ahmed270@gmail.com,112169,113,2019,1
Imran,36,3993175087,imran271@gmail.com,80693,76,2005,11
Hassan,52,3341719263,hassan272@gmail.com,104277,91,2013,2
Imran,21,3783783938,imran273@gmail.com,67953,72,2005,11
Amna,33,3899318131,amna274@gmail.com,86051,89,2019,12
Imran,59,3789698222,imran275@gmail.com,86695,46,2019,12
Junaid,59,3452695485,junaid276@gmail.com,99516,68,2022,6
Imran,58,3653795938,imran277@gmail.com,79849,33,2010,9
Sara,25,3381624435,sara278@gmail.com,37647,1,2015,4
Sara,25,3939695373,sara279@gmail.com,53565,19,2018,3
Mahnoor,22,3734495166,mahnoor280@gmail.com,53436,31,2011,12
Iqra,26,3883197295,iqra281@gmail.com,75318,80,2009,8
Salman,27,3846212348,salman282@gmail.com,52209,14,2013,11
Hassan,34,3739558716,hassan283@gmail.com,77665,53,2006,10
Ali,48,3485257630,ali284@gmail.com,71581,48,2022,9
Ali,52,3609860702,ali285@gmail.com,99561,69,2020,12
Waqas,49,3555251472,waqas286@gmail.com,104035,105,2010,11
Laiba,58,3232967035,laiba287@gmail.com,115404,90,2024,5
Sara,46,3967963671,sara288@gmail.com,93691,62,2023,9
Adnan,55,3598060659,adnan289@gmail.com,100515,92,2007,2
Hina,48,3483572374,hina290@gmail.com,80038,66,2017,3
Farah,57,3481072977,farah291@gmail.com,126477,114,2023,7
Fatima,52,3677651505,fatima292@gmail.com,92477,64,2018,7
Salman,56,3241810933,salman293@gmail.com,87558,70,2011,6
Zainab,46,3585749197,zainab294@gmail.com,100948,63,2024,6
Salman,52,3326880753,salman295@gmail.com,99422,73,2018,2
Faisal,23,3202708302,faisal296@gmail.com,57951,33,2023,10
Amna,41,3304581710,amna297@gmail.com,78029,41,2017,6
Junaid,21,3908027461,junaid298@gmail.com,74796,89,2012,4
Imran,29,3428620826,imran299@gmail.com,63952,48,2011,12
Fatima,24,3769497358,fatima300@gmail.com,37903,13,2020,3
Amna,29,3483168817,amna301@gmail.com,70960,73,2005,11
Hassan,52,3564255523,hassan302@gmail.com,116628,117,2006,2
Sana,57,3088301319,sana303@gmail.com,91874,77,2011,1
Sara,32,3838323790,sara304@gmail.com,55219,31,2015,11
Fatima,50,3556749501,fatima305@gmail.com,101860,105,2004,11
Iqra,55,3824883758,iqra306@gmail.com,98910,75,2013,5
Faisal,43,3487412684,faisal307@gmail.com,90974,68,2023,2
Sadia,34,3207328616,sadia308@gmail.com,94511,98,2006,2
Sadia,48,3568172385,sadia309@gmail.com,109894,102,2009,7
Ali,27,3109544407,ali310@gmail.com,99261,110,2010,8
Usman,24,3977491431,usman311@gmail.com,43936,4,2023,10
Mahnoor,48,3614703455,mahnoor312@gmail.com,117937,102,2021,8
Junaid,23,3354887356,junaid313@gmail.com,45498,19,2014,4
Fatima,31,3598091679,fatima314@gmail.com,78333,70,2022,1
Sadia,21,3046021853,sadia315@gmail.com,84037,98,2008,11
Danish,46,3693700467,danish316@gmail.com,96118,82,2022,7
Ahmed,50,3190083824,ahmed317@gmail.com,72763,13,2014,1
Sana,55,3951409420,sana318@gmail.com,119455,105,2015,11
Mahnoor,55,3969712640,mahnoor319@gmail.com,75951,23,2013,4
Junaid,45,3241213985,junaid320@gmail.com,94257,83,2011,8
Zainab,46,3511686077,zainab321@gmail.com,105663,109,2012,2
Waqas,24,3024219726,waqas322@gmail.com,75107,75,2007,6
Farah,39,3460387563,farah323@gmail.com,41265,1,2008,6
Ahmed,30,3118384973,ahmed324@gmail.com,95672,88,2024,12
Waqas,29,3404120440,waqas325@gmail.com,65412,54,2011,9
Sana,59,3737000796,sana326@gmail.com,100626,71,2012,5
Bilal,57,3088235105,bilal327@gmail.com,103752,89,2018,10
Sana,25,3719234129,sana328@gmail.com,84315,85,2018,4
Usman,27,3818899445,usman329@gmail.com,45331,15,2019,5
Ali,42,3913082310,ali330@gmail.com,87246,65,2017,12
Ayesha,45,3557979100,ayesha331@gmail.com,93887,76,2011,12
Bilal,31,3142884854,bilal332@gmail.com,76162,71,2021,10
Rabia,45,3023711646,rabia333@gmail.com,54582,15,2013,11
Ayesha,32,3523505343,ayesha334@gmail.com,63459,21,2023,5
Ali,59,3033319676,ali335@gmail.com,71239,19,2009,8
Faisal,37,3712369048,faisal336@gmail.com,78024,60,2015,10
Mahnoor,44,3594301477,mahnoor337@gmail.com,98427,93,2005,12
Zeeshan,52,3271140877,zeeshan338@gmail.com,95631,89,2010,8
Zeeshan,59,3999608711,zeeshan339@gmail.com,84513,33,2019,2
Rabia,31,3630308186,rabia340@gmail.com,64396,49,2006,7
Salman,55,3962099585,salman341@gmail.com,106382,96,2016,8
Laiba,23,3315096272,laiba342@gmail.com,83717,113,2006,11
Mariam,24,3864433508,mariam343@gmail.com,58829,35,2021,6
Ahmed,56,3700707789,ahmed344@gmail.com,89439,44,2014,5
Bilal,27,3511852120,bilal345@gmail.com,89593,102,2011,11
Mahnoor,47,3409595447,mahnoor346@gmail.com,90928,90,2009,9
Sadia,50,3129117277,sadia347@gmail.com,54213,11,2004,3
Farah,28,3709295196,farah348@gmail.com,83739,99,2004,12
Sadia,48,3936218963,sadia349@gmail.com,98323,72,2011,10
Zeeshan,33,3739560020,zeeshan350@gmail.com,95366,110,2008,4
Sana,59,3690240956,sana351@gmail.com,102357,78,2019,9
Mahnoor,60,3150598388,mahnoor352@gmail.com,93633,74,2014,6
Imran,41,3290440213,imran353@gmail.com,77717,66,2008,8
Sara,30,3840579362,sara354@gmail.com,55735,46,2007,7
Ali,42,3623013348,ali355@gmail.com,48584,9,2009,11
Sadia,20,3301735695,sadia356@gmail.com,36000,3,2017,2
Laiba,56,3443423025,laiba357@gmail.com,104694,85,2022,3
Hina,40,3638863993,hina358@gmail.com,69897,26,2012,1
Hassan,45,3745376895,hassan359@gmail.com,94690,72,2015,9
Hassan,55,3725719664,hassan360@gmail.com,81956,48,2014,7
Junaid,42,3589964202,junaid361@gmail.com,79916,66,2017,1
Salman,20,3893476112,salman362@gmail.com,76413,70,2019,3
Usman,59,3115405647,usman363@gmail.com,83500,28,2004,4
Usman,34,3028549561,usman364@gmail.com,92329,117,2016,4
Ahmed,40,3197839350,ahmed365@gmail.com,98964,93,2024,5
Waqas,28,3009080961,waqas366@gmail.com,54141,26,2024,3
Sadia,28,3776633475,sadia367@gmail.com,55746,25,2016,3
Sadia,29,3055296596,sadia368@gmail.com,53213,12,2005,1
Ahmed,45,3690624422,ahmed369@gmail.com,50980,5,2007,7
Sana,60,3304317921,sana370@gmail.com,102197,98,2009,11
Amna,54,3412532101,amna371@gmail.com,85295,48,2008,10
Iqra,44,3264448592,iqra372@gmail.com,75250,37,2006,1
Amna,45,3410828760,amna373@gmail.com,87981,79,2004,2
Ali,30,3795695428,ali374@gmail.com,57375,44,2007,4
Amna,57,3041245764,amna375@gmail.com,113114,100,2023,4
Sana,21,3733114003,sana376@gmail.com,42851,15,2005,5
Faisal,26,3007059903,faisal377@gmail.com,55228,43,2008,11
Imran,37,3408094223,imran378@gmail.com,69844,48,2006,2
Ayesha,46,3542948146,ayesha379@gmail.com,96839,87,2012,4
Zainab,53,3235075176,zainab380@gmail.com,96723,70,2023,1
Fatima,46,3303918244,fatima381@gmail.com,78806,46,2009,2
Ayesha,36,3877213159,ayesha382@gmail.com,102507,114,2021,1
Sana,43,3982279880,sana383@gmail.com,101747,108,2009,10
Laiba,44,3724540100,laiba384@gmail.com,80088,43,2022,10
Ahmed,26,3481363369,ahmed385@gmail.com,87665,109,2015,4
Sadia,25,3943324856,sadia386@gmail.com,43099,21,2014,4
Laiba,43,3452712257,laiba387@gmail.com,53898,23,2005,7
Zeeshan,52,3000975112,zeeshan388@gmail.com,117545,107,2018,10
Ahmed,48,3231169898,ahmed389@gmail.com,114674,119,2015,11
Zeeshan,41,3708676195,zeeshan390@gmail.com,83532,80,2015,11
Danish,45,3055745877,danish391@gmail.com,80169,47,2012,9
Rabia,47,3403209023,rabia392@gmail.com,113322,117,2024,9
Nida,40,3134831829,nida393@gmail.com,49442,15,2005,5
Rabia,26,3310217377,rabia394@gmail.com,46922,25,2006,10
Sara,36,3720758198,sara395@gmail.com,71494,36,2015,1
Iqra,39,3012234908,iqra396@gmail.com,85225,75,2019,1
Ahmed,60,3516957605,ahmed397@gmail.com,96377,51,2024,6
Sadia,39,3290360173,sadia398@gmail.com,56335,15,2004,2
Danish,41,3541992544,danish399@gmail.com,89016,68,2024,8
Usman,47,3962198033,usman400@gmail.com,69055,21,2006,9
Zainab,59,3956852550,zainab401@gmail.com,69864,13,2023,4
Ali,26,3767974336,ali402@gmail.com,72883,86,2005,5
Zainab,20,3995750782,zainab403@gmail.com,36585,19,2012,11
Ali,51,3775395424,ali404@gmail.com,76478,34,2022,8
Nida,32,3882885120,nida405@gmail.com,78065,78,2018,3
Adnan,49,3511705303,adnan406@gmail.com,93038,68,2021,5
Sadia,42,3247831683,sadia407@gmail.com,106985,112,2014,3
Sana,38,3053226755,sana408@gmail.com,112493,117,2019,12
Amna,51,3424479825,amna409@gmail.com,87056,52,2020,10
Ayesha,49,3313548058,ayesha410@gmail.com,107319,110,2008,3
Bilal,48,3536118954,bilal411@gmail.com,71254,27,2015,3
Ahmed,48,3521111071,ahmed412@gmail.com,64749,29,2014,12
Imran,49,3906242208,imran413@gmail.com,112709,111,2018,7
Ali,35,3939387163,ali414@gmail.com,58197,28,2006,7
Sadia,59,3475038824,sadia415@gmail.com,79347,35,2004,7
Hina,38,3152858851,hina416@gmail.com,56175,8,2023,10
Junaid,37,3720871099,junaid417@gmail.com,52880,16,2019,8
Waqas,20,3463980861,waqas418@gmail.com,89060,106,2005,5
Iqra,33,3999560655,iqra419@gmail.com,67811,36,2005,5
Salman,21,3999166753,salman420@gmail.com,38387,30,2006,4
Iqra,47,3231200342,iqra421@gmail.com,56622,18,2011,7
Nida,49,3001120113,nida422@gmail.com,58615,2,2018,10
Laiba,57,3815508329,laiba423@gmail.com,84617,49,2010,4
Fatima,23,3105255383,fatima424@gmail.com,81882,77,2009,2
Fatima,20,3167322679,fatima425@gmail.com,35499,4,2012,4
Kamran,27,3535427696,kamran426@gmail.com,93263,90,2023,8
Waqas,48,3609073164,waqas427@gmail.com,86654,89,2004,9
Iqra,58,3348597687,iqra428@gmail.com,113571,94,2011,3
Ayesha,22,3225063953,ayesha429@gmail.com,66122,75,2006,7
Junaid,51,3868453045,junaid430@gmail.com,55542,7,2007,12
Junaid,29,3391891916,junaid431@gmail.com,87658,95,2018,9
Sara,29,3834011364,sara432@gmail.com,85577,108,2009,11
Adnan,38,3801071274,adnan433@gmail.com,87814,74,2018,4
Laiba,53,3754139430,laiba434@gmail.com,82854,39,2024,10
Ali,52,3279482556,ali435@gmail.com,64031,13,2006,3
Mahnoor,42,3038199721,mahnoor436@gmail.com,73535,31,2024,5
Tariq,47,3547402704,tariq437@gmail.com,100674,71,2024,1
Ali,51,3478655566,ali438@gmail.com,88381,63,2017,3
Hassan,26,3099572369,hassan439@gmail.com,70887,56,2023,8
Mahnoor,48,3498369430,mahnoor440@gmail.com,114265,113,2017,11
Danish,27,3736963765,danish441@gmail.com,59388,42,2007,8
Sadia,20,3042566130,sadia442@gmail.com,65763,61,2015,4
Waqas,22,3136247069,waqas443@gmail.com,65353,42,2020,2
Zainab,43,3120457977,zainab444@gmail.com,75902,56,2010,8
Ahmed,42,3150180705,ahmed445@gmail.com,60371,36,2012,8
Imran,27,3905093945,imran446@gmail.com,74711,84,2006,10
Imran,56,3161910467,imran447@gmail.com,100186,68,2016,4
Hina,22,3249399366,hina448@gmail.com,94917,118,2018,3
Mahnoor,52,3303759505,mahnoor449@gmail.com,61862,7,2021,2
Laiba,47,3268132102,laiba450@gmail.com,78618,54,2022,9
Danish,27,3019625255,danish451@gmail.com,37206,1,2004,1
Nida,53,3126466629,nida452@gmail.com,83123,44,2009,7
Adnan,54,3139587065,adnan453@gmail.com,119029,120,2005,5
Fatima,51,3164905152,fatima454@gmail.com,79933,45,2017,8
Ahmed,43,3586273859,ahmed455@gmail.com,103633,106,2009,4
Mahnoor,33,3638414640,mahnoor456@gmail.com,68504,47,2017,7
Usman,51,3461840435,usman457@gmail.com,63148,13,2007,5
Hassan,35,3484998001,hassan458@gmail.com,101578,119,2024,5
Amna,23,3418187626,amna459@gmail.com,46487,22,2011,9
Danish,56,3073336604,danish460@gmail.com,116197,118,2006,9
Imran,40,3886360980,imran461@gmail.com,67103,21,2022,9
Nida,33,3148867545,nida462@gmail.com,87965,86,2017,12
Adnan,50,3410511181,adnan463@gmail.com,109877,92,2023,6
Ahmed,37,3467126792,ahmed464@gmail.com,51391,9,2020,6
Mahnoor,26,3029988602,mahnoor465@gmail.com,48571,26,2011,5
Ali,29,3325907886,ali466@gmail.com,53071,9,2017,9
Sana,26,3659195723,sana467@gmail.com,45982,15,2009,10
Danish,52,3876354857,danish468@gmail.com,61527,10,2019,8
Adnan,42,3523468471,adnan469@gmail.com,101485,88,2022,7
Salman,40,3295791282,salman470@gmail.com,68233,42,2017,7
Ali,38,3078490821,ali471@gmail.com,86928,72,2022,6
Ahmed,38,3375082111,ahmed472@gmail.com,66183,24,2006,5
Rabia,55,3662006291,rabia473@gmail.com,93544,80,2013,4
Zeeshan,48,3332961751,zeeshan474@gmail.com,81421,49,2022,3
Mariam,37,3294843802,mariam475@gmail.com,61041,26,2012,3
Iqra,21,3002568101,iqra476@gmail.com,85823,91,2023,6
Farah,20,3248331328,farah477@gmail.com,45894,37,2016,4
Ahmed,24,3864992949,ahmed478@gmail.com,61321,68,2010,12
Ayesha,39,3588500336,ayesha479@gmail.com,79554,50,2017,12
Nida,30,3161424767,nida480@gmail.com,48798,24,2012,6
Amna,21,3292859310,amna481@gmail.com,41889,19,2022,3
Rabia,22,3794226630,rabia482@gmail.com,93551,100,2018,4
Tariq,42,3803692626,tariq483@gmail.com,83649,60,2023,9
Iqra,31,3765170645,iqra484@gmail.com,62581,39,2017,5
Salman,39,3238583614,salman485@gmail.com,82801,74,2009,7
Sara,24,3263818936,sara486@gmail.com,77580,89,2024,10
Junaid,56,3177644470,junaid487@gmail.com,72078,18,2007,2
Mariam,57,3961748795,mariam488@gmail.com,73247,19,2011,5
Sara,49,3718955106,sara489@gmail.com,76843,36,2020,9
Farah,28,3486502973,farah490@gmail.com,75218,74,2012,11
Imran,53,3544889117,imran491@gmail.com,103438,97,2004,3
Ayesha,54,3810234844,ayesha492@gmail.com,94962,55,2023,9
Ali,41,3540757525,ali493@gmail.com,106994,114,2017,11
Usman,43,3977088970,usman494@gmail.com,85580,69,2014,6
Faisal,36,3667004115,faisal495@gmail.com,74949,47,2024,4
Iqra,29,3248531069,iqra496@gmail.com,63340,49,2006,7
Sadia,49,3344267176,sadia497@gmail.com,113311,99,2012,8
Bilal,42,3159091241,bilal498@gmail.com,96693,108,2017,6
Danish,51,3458705505,danish499@gmail.com,107700,98,2012,5
Mariam,36,3386537408,mariam500@gmail.com,56672,33,2007,6
Salman,36,3873608734,salman501@gmail.com,98490,119,2007,5
Farah,33,3383638685,farah502@gmail.com,50715,21,2011,8
Ahmed,28,3258672751,ahmed503@gmail.com,77473,81,2005,1
Rabia,59,3897214865,rabia504@gmail.com,75095,22,2012,11
Zeeshan,21,3204656374,zeeshan505@gmail.com,51113,48,2017,7
Amna,44,3206442768,amna506@gmail.com,67395,37,2012,10
Kamran,58,3277579045,kamran507@gmail.com,73806,15,2019,10
Mahnoor,28,3302371213,mahnoor508@gmail.com,54315,35,2020,11
Farah,41,3747399638,farah509@gmail.com,91726,92,2019,2
Bilal,23,3705606616,bilal510@gmail.com,59919,71,2015,9
Zeeshan,45,3405079246,zeeshan511@gmail.com,63284,32,2006,1
Zainab,48,3142427245,zainab512@gmail.com,55152,11,2014,11
Kamran,53,3712138167,kamran513@gmail.com,60380,10,2017,10
Sana,42,3526124309,sana514@gmail.com,87841,73,2021,6
Ali,56,3936013762,ali515@gmail.com,100801,78,2024,9
Ayesha,30,3579419703,ayesha516@gmail.com,76669,77,2024,1
Nida,25,3144344950,nida517@gmail.com,53121,57,2008,4
Sadia,37,3531914642,sadia518@gmail.com,62112,25,2019,4
Nida,40,3327629368,nida519@gmail.com,56464,2,2023,9
Hina,55,3302948267,hina520@gmail.com,89216,64,2008,11
Waqas,60,3089155041,waqas521@gmail.com,78771,35,2006,5
Salman,57,3684744482,salman522@gmail.com,66414,7,2015,5
Tariq,53,3046754929,tariq523@gmail.com,106794,85,2004,6
Mahnoor,36,3816596860,mahnoor524@gmail.com,49961,18,2024,1
Sara,56,3183565184,sara525@gmail.com,92628,67,2012,1
Sara,44,3306017075,sara526@gmail.com,63990,42,2012,9
Salman,57,3492428116,salman527@gmail.com,121312,118,2007,3
Iqra,31,3191688156,iqra528@gmail.com,58180,39,2006,4
Waqas,42,3509643461,waqas529@gmail.com,73915,41,2020,1
Zeeshan,41,3334391204,zeeshan530@gmail.com,104366,113,2005,9
Farah,40,3738203968,farah531@gmail.com,88454,75,2004,8
Laiba,46,3882393266,laiba532@gmail.com,107091,103,2011,2
Danish,50,3972923776,danish533@gmail.com,73753,24,2016,8
Iqra,25,3470923188,iqra534@gmail.com,62872,60,2018,7
Farah,46,3597009935,farah535@gmail.com,81866,46,2011,11
Farah,59,3725033451,farah536@gmail.com,70388,19,2015,6
Iqra,53,3816349050,iqra537@gmail.com,90376,68,2015,1
Imran,31,3446431292,imran538@gmail.com,89054,90,2017,7
Sana,26,3056817319,sana539@gmail.com,91510,102,2018,10
Mariam,29,3911759897,mariam540@gmail.com,57041,42,2018,7
Fatima,36,3050596687,fatima541@gmail.com,60334,32,2012,9
Tariq,45,3496319451,tariq542@gmail.com,82341,39,2022,1
Iqra,40,3083505216,iqra543@gmail.com,98858,109,2023,2
Faisal,47,3371175011,faisal544@gmail.com,116126,110,2011,11
Mahnoor,21,3793690697,mahnoor545@gmail.com,53592,36,2024,9
Hassan,20,3010589887,hassan546@gmail.com,75711,104,2022,9
Ali,55,3683767978,ali547@gmail.com,103166,101,2009,6
Ayesha,45,3061766928,ayesha548@gmail.com,99383,97,2023,6
Adnan,48,3299036536,adnan549@gmail.com,72680,36,2022,4
Mahnoor,40,3227552954,mahnoor550@gmail.com,47876,3,2007,4
Hina,30,3593527318,hina551@gmail.com,62783,73,2010,5
Hina,59,3991251846,hina552@gmail.com,67034,8,2007,3
Hassan,30,3855642027,hassan553@gmail.com,84525,97,2015,1
Bilal,55,3454949556,bilal554@gmail.com,103553,70,2016,1
Zainab,58,3146820422,zainab555@gmail.com,80149,41,2006,12
Fatima,59,3015927403,fatima556@gmail.com,120714,103,2015,7
Kamran,54,3167368526,kamran557@gmail.com,97052,68,2005,1
Sana,53,3551541921,sana558@gmail.com,68616,13,2005,1
Laiba,43,3545692461,laiba559@gmail.com,72468,49,2012,3
Tariq,41,3869802988,tariq560@gmail.com,73904,60,2004,10
Ahmed,24,3615557571,ahmed561@gmail.com,35175,2,2011,4
Salman,52,3019485901,salman562@gmail.com,90281,60,2009,4
Ayesha,55,3191363661,ayesha563@gmail.com,59447,5,2009,2
Sana,39,3839463951,sana564@gmail.com,71704,44,2021,1
Sadia,38,3686678342,sadia565@gmail.com,64068,27,2020,3
Kamran,54,3396087903,kamran566@gmail.com,71976,32,2015,11
Rabia,36,3821398162,rabia567@gmail.com,49959,21,2009,4
Mahnoor,53,3863010817,mahnoor568@gmail.com,61709,8,2011,3
Mariam,28,3719692809,mariam569@gmail.com,92671,102,2022,8
Laiba,45,3834398641,laiba570@gmail.com,90869,72,2013,10
Waqas,21,3259022972,waqas571@gmail.com,59159,50,2004,1
Imran,28,3846971984,imran572@gmail.com,68005,67,2016,2
Amna,28,3014367204,amna573@gmail.com,96140,118,2020,7
Waqas,59,3342829707,waqas574@gmail.com,78946,44,2006,4
Mahnoor,36,3199460677,mahnoor575@gmail.com,80962,58,2011,8
Farah,20,3664540309,farah576@gmail.com,34799,3,2017,11
Salman,44,3692366184,salman577@gmail.com,92881,86,2006,3
Farah,59,3625065299,farah578@gmail.com,100989,70,2019,6
Hassan,44,3701636736,hassan579@gmail.com,50222,2,2016,9
Farah,58,3669041077,farah580@gmail.com,117421,87,2023,1
Adnan,54,3507761390,adnan581@gmail.com,86055,44,2020,1
Laiba,22,3202058228,laiba582@gmail.com,36398,2,2016,8
Salman,56,3650677305,salman583@gmail.com,105774,102,2009,3
Usman,49,3375579845,usman584@gmail.com,92690,81,2020,5
Hina,57,3185235666,hina585@gmail.com,79455,35,2017,1
Adnan,53,3547020689,adnan586@gmail.com,106700,98,2020,5
Ali,31,3947078021,ali587@gmail.com,79063,87,2011,11
Farah,38,3702298156,farah588@gmail.com,60545,30,2014,6
Farah,56,3798698592,farah589@gmail.com,121418,116,2023,8
Ali,36,3170988822,ali590@gmail.com,47509,8,2004,3
Tariq,29,3862509590,tariq591@gmail.com,47480,22,2010,3
Sara,31,3103028121,sara592@gmail.com,61762,44,2024,12
Laiba,35,3901503436,laiba593@gmail.com,72135,58,2024,11
Iqra,43,3883257734,iqra594@gmail.com,77265,36,2020,11
Sadia,38,3046894926,sadia595@gmail.com,75341,69,2013,10
Zeeshan,27,3874595371,zeeshan596@gmail.com,78916,77,2014,9
Ayesha,50,3943243290,ayesha597@gmail.com,105498,93,2012,4
Kamran,40,3439491353,kamran598@gmail.com,63294,31,2012,4
Adnan,36,3185113550,adnan599@gmail.com,76339,47,2008,12
Ali,42,3857260579,ali600@gmail.com,82409,55,2020,7
Sadia,56,3769206892,sadia601@gmail.com,110415,80,2012,2
Danish,35,3442065462,danish602@gmail.com,96545,106,2020,8
Bilal,25,3610820799,bilal603@gmail.com,67830,62,2024,6
Hassan,27,3497456346,hassan604@gmail.com,58638,30,2022,3
Iqra,44,3849457336,iqra605@gmail.com,77193,55,2010,9
Danish,37,3884575300,danish606@gmail.com,62428,16,2012,5
Salman,44,3606445372,salman607@gmail.com,58709,12,2010,8
Ahmed,31,3015842433,ahmed608@gmail.com,45677,17,2016,7
Hina,34,3058050102,hina609@gmail.com,43516,16,2014,8
Farah,45,3339949433,farah610@gmail.com,59509,12,2017,7
Sadia,60,3466787936,sadia611@gmail.com,70954,8,2022,3
Waqas,45,3034968399,waqas612@gmail.com,96569,84,2014,2
Hassan,51,3993243734,hassan613@gmail.com,65953,3,2016,7
Iqra,29,3516432677,iqra614@gmail.com,54496,16,2017,3
Zeeshan,35,3565288566,zeeshan615@gmail.com,57705,30,2016,3
Danish,26,3978144975,danish616@gmail.com,82831,109,2004,2
Nida,36,3108381517,nida617@gmail.com,50229,23,2011,4
Mahnoor,42,3979935132,mahnoor618@gmail.com,93216,92,2015,8
Hassan,45,3397675673,hassan619@gmail.com,111066,115,2022,12
Tariq,40,3077180450,tariq620@gmail.com,102825,104,2015,1
Imran,41,3548333646,imran621@gmail.com,103895,118,2011,1
Laiba,26,3552188482,laiba622@gmail.com,40802,5,2011,12
Nida,33,3824702806,nida623@gmail.com,90210,84,2024,5
Laiba,34,3572361116,laiba624@gmail.com,97517,104,2016,11
Sana,26,3627155489,sana625@gmail.com,92457,120,2015,5
Hassan,28,3860206688,hassan626@gmail.com,97239,108,2019,11
Hina,27,3807729320,hina627@gmail.com,78506,65,2004,12
Sadia,42,3133614248,sadia628@gmail.com,67429,30,2016,1
Farah,48,3720039574,farah629@gmail.com,49935,21,2010,6
Farah,37,3590424578,farah630@gmail.com,93004,84,2008,1
Sadia,50,3326163769,sadia631@gmail.com,87586,70,2011,5
Adnan,49,3538732575,adnan632@gmail.com,79429,22,2017,9
Bilal,58,3844224798,bilal633@gmail.com,105582,82,2016,12
Zainab,54,3250260049,zainab634@gmail.com,88976,72,2018,5
Ali,37,3747637802,ali635@gmail.com,89577,103,2020,6
Laiba,58,3296511366,laiba636@gmail.com,88299,32,2018,8
Laiba,36,3302039656,laiba637@gmail.com,70530,33,2023,11
Hassan,33,3364166144,hassan638@gmail.com,115130,117,2021,1
Salman,50,3265702972,salman639@gmail.com,67155,16,2021,2
Farah,43,3273602829,farah640@gmail.com,86417,76,2005,9
Mariam,54,3736183475,mariam641@gmail.com,75186,38,2007,3
Iqra,53,3582592223,iqra642@gmail.com,111109,116,2004,6
Hassan,22,3757238277,hassan643@gmail.com,79538,98,2007,5
Zainab,56,3455085158,zainab644@gmail.com,71987,14,2021,11
Sara,59,3511822857,sara645@gmail.com,76180,36,2008,2
Sana,45,3637831750,sana646@gmail.com,95554,97,2022,7
Mariam,42,3321293401,mariam647@gmail.com,64099,23,2018,4
Farah,58,3414322913,farah648@gmail.com,115169,114,2011,1
Waqas,34,3810934941,waqas649@gmail.com,85203,109,2023,4
Farah,23,3276526819,farah650@gmail.com,72963,66,2020,6
Ali,48,3223064980,ali651@gmail.com,99360,105,2004,7
Amna,41,3567466109,amna652@gmail.com,95909,85,2015,7
Hassan,44,3568089808,hassan653@gmail.com,58789,2,2022,7
Kamran,32,3755903584,kamran654@gmail.com,90718,91,2018,3
Zainab,37,3844769353,zainab655@gmail.com,94984,73,2012,6
Sadia,52,3935198322,sadia656@gmail.com,89210,65,2010,8
Amna,35,3677597166,amna657@gmail.com,78372,75,2005,4
Sadia,21,3214308521,sadia658@gmail.com,70118,67,2012,8
Salman,54,3276576050,salman659@gmail.com,85623,52,2013,2
Sara,53,3613300159,sara660@gmail.com,93502,62,2005,10
Imran,49,3785792715,imran661@gmail.com,63756,23,2022,9
Mahnoor,32,3433557559,mahnoor662@gmail.com,49339,26,2014,9
Junaid,32,3371565263,junaid663@gmail.com,81029,68,2016,8
Sana,37,3842156584,sana664@gmail.com,81476,82,2013,10
Amna,51,3112023583,amna665@gmail.com,89245,55,2017,10
Hina,51,3483192334,hina666@gmail.com,64750,6,2021,1
Rabia,54,3039989821,rabia667@gmail.com,76628,35,2022,2
Ahmed,58,3317817498,ahmed668@gmail.com,75636,22,2012,6
Mahnoor,48,3913391899,mahnoor669@gmail.com,69527,43,2010,10
Ali,48,3876549840,ali670@gmail.com,55501,15,2006,5
Ali,35,3829615935,ali671@gmail.com,89514,86,2023,12
Danish,29,3940772845,danish672@gmail.com,69095,60,2009,9
Waqas,49,3950511802,waqas673@gmail.com,108182,101,2024,5
Faisal,44,3218780145,faisal674@gmail.com,109666,116,2005,2
Hassan,58,3955696569,hassan675@gmail.com,116842,106,2009,10
Hina,39,3773775489,hina676@gmail.com,59447,12,2006,4
Ahmed,24,3550720126,ahmed677@gmail.com,92724,111,2019,9
Ali,20,3471858467,ali678@gmail.com,62573,49,2011,1
Ali,49,3074274929,ali679@gmail.com,79104,42,2005,11
Ayesha,22,3574168262,ayesha680@gmail.com,66870,38,2020,1
Mariam,33,3700540940,mariam681@gmail.com,83164,82,2012,12
Faisal,49,3399129870,faisal682@gmail.com,76898,45,2015,7
Hina,23,3856182360,hina683@gmail.com,56788,35,2006,11
Danish,37,3789716182,danish684@gmail.com,63527,30,2014,3
Kamran,56,3697358779,kamran685@gmail.com,109208,88,2004,10
Hina,44,3108871445,hina686@gmail.com,109384,106,2016,2
Nida,20,3310427135,nida687@gmail.com,38666,30,2018,9
Sara,34,3816245182,sara688@gmail.com,83282,78,2008,3
Danish,28,3325497817,danish689@gmail.com,46956,6,2024,2
Waqas,34,3283902944,waqas690@gmail.com,80166,67,2020,12
Rabia,43,3445192906,rabia691@gmail.com,89239,80,2009,8
Ahmed,23,3239405129,ahmed692@gmail.com,33939,7,2024,10
Salman,31,3967600664,salman693@gmail.com,72171,52,2014,6
Imran,56,3471642212,imran694@gmail.com,72769,14,2021,6
Farah,56,3474138799,farah695@gmail.com,101710,73,2007,10
Ayesha,25,3373967988,ayesha696@gmail.com,34406,15,2006,11
Danish,58,3587582629,danish697@gmail.com,77036,21,2016,7
Farah,43,3868225064,farah698@gmail.com,67127,35,2012,7
Mariam,30,3346091948,mariam699@gmail.com,77719,66,2024,11
Farah,32,3195379543,farah700@gmail.com,85484,91,2009,6
Laiba,53,3632061351,laiba701@gmail.com,63418,2,2015,4
Sara,44,3889303405,sara702@gmail.com,66186,35,2005,11
Waqas,26,3206060663,waqas703@gmail.com,71140,82,2006,9
Usman,23,3188863072,usman704@gmail.com,72432,78,2006,6
Bilal,27,3385514128,bilal705@gmail.com,47829,20,2015,4
Zainab,39,3994710231,zainab706@gmail.com,89983,82,2018,12
Farah,48,3690743524,farah707@gmail.com,43861,10,2012,3
Adnan,29,3424874808,adnan708@gmail.com,55213,25,2011,4
Rabia,53,3025971841,rabia709@gmail.com,90827,66,2014,3
Kamran,45,3632526175,kamran710@gmail.com,60259,25,2019,2
Faisal,60,3529343805,faisal711@gmail.com,94513,54,2007,5
Danish,22,3267688919,danish712@gmail.com,51282,33,2004,2
Amna,25,3247729800,amna713@gmail.com,52163,36,2010,6
Zainab,24,3398740291,zainab714@gmail.com,75239,95,2005,3
Zeeshan,24,3756170064,zeeshan715@gmail.com,42290,14,2008,6
Adnan,42,3478835984,adnan716@gmail.com,82516,65,2010,11
Danish,28,3694472820,danish717@gmail.com,96922,110,2007,10
Zeeshan,54,3302406449,zeeshan718@gmail.com,96181,80,2008,9
Zainab,39,3926992751,zainab719@gmail.com,78175,54,2004,1
Mariam,54,3350315613,mariam720@gmail.com,109499,110,2004,6
Hassan,37,3883880103,hassan721@gmail.com,67071,52,2018,9
Usman,36,3922110905,usman722@gmail.com,44339,3,2023,11
Amna,43,3200477332,amna723@gmail.com,102988,99,2022,4
Ahmed,22,3832241553,ahmed724@gmail.com,54472,41,2013,11
Imran,51,3577581750,imran725@gmail.com,64539,6,2021,12
Ahmed,54,3139019164,ahmed726@gmail.com,69848,25,2006,2
Sadia,57,3231899287,sadia727@gmail.com,73987,13,2014,4
Zainab,32,3347693641,zainab728@gmail.com,100995,117,2018,1
Rabia,44,3148430700,rabia729@gmail.com,91219,98,2014,3
Imran,28,3543802256,imran730@gmail.com,44595,8,2020,10
Bilal,23,3839485713,bilal731@gmail.com,37666,21,2020,9
Amna,33,3982988329,amna732@gmail.com,92257,98,2009,10
Salman,56,3713949679,salman733@gmail.com,99286,68,2008,5
Laiba,53,3221032147,laiba734@gmail.com,66069,25,2011,11
Hassan,30,3715065444,hassan735@gmail.com,84893,79,2005,6
Hina,60,3426803756,hina736@gmail.com,104714,68,2019,3
Imran,22,3334312529,imran737@gmail.com,65832,45,2023,5
Salman,47,3864421392,salman738@gmail.com,85848,60,2015,11
Kamran,48,3524339272,kamran739@gmail.com,54936,12,2009,8
Salman,28,3602311693,salman740@gmail.com,56304,32,2004,6
Zeeshan,22,3042192304,zeeshan741@gmail.com,77377,96,2007,4
Ahmed,44,3493519004,ahmed742@gmail.com,100589,92,2020,2
Usman,53,3381493982,usman743@gmail.com,65643,13,2016,9
Laiba,31,3016480387,laiba744@gmail.com,65023,31,2021,12
Imran,28,3867851601,imran745@gmail.com,80252,78,2008,1
Imran,34,3008625146,imran746@gmail.com,51397,20,2006,1
Laiba,59,3357031287,laiba747@gmail.com,63442,18,2014,4
Sana,44,3418455415,sana748@gmail.com,96124,93,2016,7
Sadia,24,3339153454,sadia749@gmail.com,67621,60,2007,1
Zeeshan,30,3562190442,zeeshan750@gmail.com,74801,63,2017,9
Iqra,53,3234126955,iqra751@gmail.com,54884,6,2014,4
Kamran,43,3213055752,kamran752@gmail.com,58067,32,2013,3
Junaid,34,3275066060,junaid753@gmail.com,94078,93,2022,1
Waqas,57,3030334030,waqas754@gmail.com,80915,43,2021,10
Imran,27,3923574030,imran755@gmail.com,33296,2,2009,4
Zainab,24,3930200539,zainab756@gmail.com,70763,60,2018,9
Hina,45,3974865380,hina757@gmail.com,73511,23,2024,10
Danish,37,3526674166,danish758@gmail.com,84046,83,2013,6
Usman,25,3374131545,usman759@gmail.com,50476,31,2008,6
Waqas,56,3726742963,waqas760@gmail.com,117129,115,2008,1
Hina,32,3746336984,hina761@gmail.com,43979,5,2013,10
Usman,47,3822125721,usman762@gmail.com,94503,83,2008,2
Bilal,24,3395706521,bilal763@gmail.com,54582,34,2006,11
Mahnoor,32,3050470573,mahnoor764@gmail.com,42730,10,2009,6
Nida,36,3908603483,nida765@gmail.com,80574,89,2007,2
Sana,59,3533609904,sana766@gmail.com,75750,2,2021,3
Waqas,51,3836884817,waqas767@gmail.com,68147,11,2012,4
Farah,48,3340956639,farah768@gmail.com,76682,50,2020,11
Tariq,22,3817491074,tariq769@gmail.com,51378,31,2016,5
Sadia,59,3436582849,sadia770@gmail.com,98454,56,2018,9
Adnan,53,3718206944,adnan771@gmail.com,105345,79,2023,12
Hassan,59,3685255465,hassan772@gmail.com,104810,73,2020,4
Ahmed,46,3230032146,ahmed773@gmail.com,97049,87,2016,11
Hina,32,3296161552,hina774@gmail.com,94237,83,2019,9
Zeeshan,52,3211449835,zeeshan775@gmail.com,62104,9,2007,11
Sana,25,3052289440,sana776@gmail.com,82125,99,2008,10
Junaid,43,3776780363,junaid777@gmail.com,64455,21,2008,3
Adnan,38,3265457840,adnan778@gmail.com,83780,73,2012,8
Zainab,35,3267112119,zainab779@gmail.com,62549,28,2020,12
Adnan,59,3394488638,adnan780@gmail.com,96816,62,2016,1
Salman,47,3966845058,salman781@gmail.com,109384,110,2005,11
Sadia,52,3788961130,sadia782@gmail.com,111808,115,2016,9
Zeeshan,60,3198859824,zeeshan783@gmail.com,64244,7,2024,9
Bilal,32,3422933046,bilal784@gmail.com,92171,80,2022,10
Kamran,44,3356213401,kamran785@gmail.com,59048,16,2006,2
Adnan,55,3486428002,adnan786@gmail.com,113054,97,2013,4
Mariam,46,3188699955,mariam787@gmail.com,44301,4,2005,8
Farah,57,3177314659,farah788@gmail.com,70533,4,2016,7
Bilal,26,3820305780,bilal789@gmail.com,89093,103,2022,1
Nida,24,3435441269,nida790@gmail.com,53969,40,2020,5
Farah,50,3529184518,farah791@gmail.com,68183,17,2024,7
Hassan,42,3383198253,hassan792@gmail.com,97110,101,2017,4
Ahmed,29,3191535971,ahmed793@gmail.com,91991,103,2015,1
Salman,51,3236641167,salman794@gmail.com,86118,52,2024,9
Danish,49,3176386455,danish795@gmail.com,108302,93,2015,5
Faisal,58,3408192188,faisal796@gmail.com,96967,52,2014,11
Faisal,50,3622999357,faisal797@gmail.com,81208,36,2010,2
Rabia,37,3841622656,rabia798@gmail.com,52177,38,2007,8
Tariq,55,3220174896,tariq799@gmail.com,110224,103,2022,11
Hina,21,3085999128,hina800@gmail.com,44426,50,2004,2
Usman,33,3652303625,usman801@gmail.com,66532,63,2006,3
Mariam,32,3268465269,mariam802@gmail.com,90452,101,2016,10
Farah,48,3746277327,farah803@gmail.com,116653,116,2018,1
Hina,31,3590413967,hina804@gmail.com,68000,63,2005,11
Imran,58,3860498361,imran805@gmail.com,91940,62,2014,2
Danish,21,3358292679,danish806@gmail.com,82109,99,2007,7
Fatima,51,3919998950,fatima807@gmail.com,55153,7,2022,10
Bilal,32,3459486043,bilal808@gmail.com,53707,27,2020,2
Nida,46,3511978629,nida809@gmail.com,94882,92,2006,6
Kamran,60,3578721679,kamran810@gmail.com,109088,86,2021,3
Ayesha,36,3989106323,ayesha811@gmail.com,52285,14,2011,4
Mariam,59,3800666959,mariam812@gmail.com,109603,71,2022,11
Usman,50,3694512710,usman813@gmail.com,110242,101,2008,8
Rabia,53,3941139277,rabia814@gmail.com,97353,86,2010,3
Junaid,43,3196262698,junaid815@gmail.com,55593,5,2024,10
Farah,54,3484657817,farah816@gmail.com,85153,55,2011,6
Sara,25,3876449881,sara817@gmail.com,33629,2,2008,1
Hassan,38,3414180685,hassan818@gmail.com,81563,62,2020,7
Danish,49,3180007110,danish819@gmail.com,90601,91,2008,8
Hassan,26,3115395704,hassan820@gmail.com,50604,21,2007,11
Fatima,29,3999014700,fatima821@gmail.com,110068,118,2022,8
Waqas,60,3560415443,waqas822@gmail.com,117651,102,2024,3
Ayesha,51,3927847998,ayesha823@gmail.com,93153,79,2005,10
Sadia,53,3455805890,sadia824@gmail.com,70685,21,2014,1
Kamran,47,3933172659,kamran825@gmail.com,65297,10,2016,9
Ali,34,3134676547,ali826@gmail.com,87279,87,2018,6
Iqra,49,3923954940,iqra827@gmail.com,90170,58,2015,11
Sana,56,3626110361,sana828@gmail.com,127242,120,2024,9
Imran,48,3889637322,imran829@gmail.com,86708,39,2014,7
Bilal,41,3485983745,bilal830@gmail.com,49457,5,2010,1
Zeeshan,23,3760660365,zeeshan831@gmail.com,56220,65,2008,12
Kamran,39,3238809707,kamran832@gmail.com,49335,13,2020,12
Zainab,51,3966798621,zainab833@gmail.com,103060,85,2023,1
Zainab,55,3213325360,zainab834@gmail.com,110539,90,2012,6
Fatima,23,3635462795,fatima835@gmail.com,90037,114,2017,5
Mahnoor,46,3910971609,mahnoor836@gmail.com,107445,109,2015,9
Waqas,36,3107586091,waqas837@gmail.com,90224,85,2009,2
Danish,31,3153048992,danish838@gmail.com,65274,53,2020,8
Hina,41,3890256140,hina839@gmail.com,90144,82,2022,11
Iqra,36,3508055117,iqra840@gmail.com,92861,101,2022,5
Bilal,29,3009332439,bilal841@gmail.com,70091,45,2019,2
Junaid,20,3775981949,junaid842@gmail.com,57008,32,2015,10
Mariam,41,3844933729,mariam843@gmail.com,60203,36,2015,11
Farah,45,3716106475,farah844@gmail.com,95489,81,2023,11
Waqas,37,3530213145,waqas845@gmail.com,101636,99,2009,12
Bilal,33,3047118996,bilal846@gmail.com,99793,113,2007,6
Laiba,48,3884677531,laiba847@gmail.com,81454,60,2009,10
Ahmed,31,3767786799,ahmed848@gmail.com,39569,11,2014,8
Kamran,55,3004051939,kamran849@gmail.com,95265,63,2004,4
Kamran,54,3230991783,kamran850@gmail.com,73703,21,2018,2
Rabia,31,3168642113,rabia851@gmail.com,60435,52,2014,12
Mahnoor,26,3094857961,mahnoor852@gmail.com,73649,55,2022,11
Laiba,48,3976176584,laiba853@gmail.com,107998,117,2021,5
Farah,30,3463689814,farah854@gmail.com,54698,26,2020,12
Sana,52,3359320780,sana855@gmail.com,93677,68,2022,2
Mahnoor,25,3701414166,mahnoor856@gmail.com,65092,34,2024,2
Ayesha,34,3591396176,ayesha857@gmail.com,69795,52,2017,6
Danish,51,3382680317,danish858@gmail.com,114577,112,2021,11
Usman,30,3594286895,usman859@gmail.com,77585,82,2022,10
Bilal,42,3217585019,bilal860@gmail.com,100598,104,2018,9
Ali,45,3657750611,ali861@gmail.com,99614,99,2018,4
Ahmed,53,3459408659,ahmed862@gmail.com,105974,105,2007,6
Kamran,53,3979752634,kamran863@gmail.com,104731,93,2010,7
Mahnoor,48,3810523181,mahnoor864@gmail.com,69829,52,2016,11
Laiba,23,3430576514,laiba865@gmail.com,39949,29,2006,6
Zeeshan,36,3993213707,zeeshan866@gmail.com,65745,38,2019,8
Mahnoor,54,3862711591,mahnoor867@gmail.com,81206,42,2012,4
Imran,32,3084811073,imran868@gmail.com,51033,21,2011,12
Zeeshan,60,3453338623,zeeshan869@gmail.com,88496,42,2023,1
Amna,58,3968130147,amna870@gmail.com,68454,13,2016,7
Ali,34,3722804813,ali871@gmail.com,102407,113,2020,3
Fatima,48,3315951887,fatima872@gmail.com,111871,105,2020,6
Adnan,48,3255176018,adnan873@gmail.com,91336,64,2020,2
Fatima,30,3393595553,fatima874@gmail.com,43055,17,2004,9
Farah,51,3801975851,farah875@gmail.com,121475,120,2011,1
Hina,21,3637650428,hina876@gmail.com,41486,9,2022,6
Kamran,33,3067330285,kamran877@gmail.com,68561,41,2009,6
Kamran,39,3293950597,kamran878@gmail.com,53464,1,2006,5
Danish,41,3633066687,danish879@gmail.com,41786,2,2008,5
Tariq,30,3766291299,tariq880@gmail.com,67305,60,2016,1
Adnan,46,3512737557,adnan881@gmail.com,83068,48,2018,10
Sadia,22,3464522257,sadia882@gmail.com,41676,29,2017,12
Iqra,36,3334332427,iqra883@gmail.com,102901,97,2019,5
Adnan,47,3395595955,adnan884@gmail.com,59981,10,2021,2
Faisal,48,3282374266,faisal885@gmail.com,115275,114,2014,7
Mahnoor,40,3490198261,mahnoor886@gmail.com,75018,58,2006,3
Hassan,35,3417953501,hassan887@gmail.com,67738,60,2013,4
Zainab,56,3325664116,zainab888@gmail.com,118778,104,2013,3
Ahmed,39,3616909874,ahmed889@gmail.com,75454,21,2024,3
Waqas,25,3823500775,waqas890@gmail.com,49925,28,2019,4
Sana,38,3959648838,sana891@gmail.com,83588,75,2015,5
Zeeshan,24,3238359007,zeeshan892@gmail.com,79755,119,2005,1
Rabia,22,3449027631,rabia893@gmail.com,57758,34,2012,4
Tariq,20,3360430610,tariq894@gmail.com,39159,8,2006,12
Usman,57,3386565893,usman895@gmail.com,84633,59,2018,12
Imran,34,3889030739,imran896@gmail.com,74476,86,2006,11
Nida,53,3513891482,nida897@gmail.com,88054,72,2022,8
Tariq,54,3435534388,tariq898@gmail.com,90026,49,2021,10
Ali,44,3378534506,ali899@gmail.com,94525,79,2011,7
Adnan,43,3361912676,adnan900@gmail.com,57083,17,2020,9
Iqra,31,3115098415,iqra901@gmail.com,73396,60,2011,5
Iqra,37,3455666310,iqra902@gmail.com,89694,87,2010,10
Ahmed,34,3418963898,ahmed903@gmail.com,85164,88,2010,4
Sadia,35,3774745156,sadia904@gmail.com,69951,45,2006,8
Salman,46,3780900874,salman905@gmail.com,86275,83,2004,9
Zeeshan,27,3103596174,zeeshan906@gmail.com,76738,69,2007,7
Faisal,44,3774582463,faisal907@gmail.com,62757,32,2008,7
Hina,36,3333612418,hina908@gmail.com,73708,44,2004,5
Mariam,48,3710816121,mariam909@gmail.com,84073,65,2018,4
Sadia,27,3887357974,sadia910@gmail.com,78542,87,2008,10
Ayesha,34,3167601844,ayesha911@gmail.com,95593,101,2016,1
Fatima,46,3151817508,fatima912@gmail.com,57162,8,2011,10
Hina,26,3511558664,hina913@gmail.com,77854,77,2011,10
Amna,22,3581209358,amna914@gmail.com,62372,72,2008,7
Mahnoor,48,3603645314,mahnoor915@gmail.com,98113,87,2012,1
Adnan,43,3843905116,adnan916@gmail.com,70591,43,2004,1
Ayesha,22,3156653509,ayesha917@gmail.com,30361,1,2007,5
Farah,39,3909441552,farah918@gmail.com,102320,109,2006,9
Mahnoor,34,3077640857,mahnoor919@gmail.com,60268,51,2005,6
Zainab,44,3178229652,zainab920@gmail.com,61668,24,2011,3
Farah,49,3309527700,farah921@gmail.com,101334,99,2012,3
Ayesha,33,3371647352,ayesha922@gmail.com,51083,24,2005,7
Farah,26,3256601354,farah923@gmail.com,54435,17,2017,6
Mahnoor,36,3877613477,mahnoor924@gmail.com,56532,5,2017,9
Rabia,39,3463576903,rabia925@gmail.com,62452,20,2007,6
Mahnoor,55,3767067753,mahnoor926@gmail.com,67689,21,2009,5
Mahnoor,28,3716947927,mahnoor927@gmail.com,95938,104,2014,10
Hassan,57,3796271138,hassan928@gmail.com,89762,58,2006,7
Usman,41,3241668726,usman929@gmail.com,64628,31,2011,1
Zainab,21,3872394253,zainab930@gmail.com,86013,110,2006,12
Junaid,43,3064773622,junaid931@gmail.com,111092,100,2017,7
Iqra,27,3941650957,iqra932@gmail.com,51529,11,2016,3
Imran,30,3842640137,imran933@gmail.com,71324,52,2016,9
Usman,32,3773803659,usman934@gmail.com,46548,15,2005,6
Ali,36,3828372773,ali935@gmail.com,88098,83,2016,9
Adnan,27,3118489451,adnan936@gmail.com,47153,7,2022,5
Sana,40,3398207094,sana937@gmail.com,102392,115,2009,7
Kamran,37,3038243565,kamran938@gmail.com,66792,28,2019,4
Mahnoor,49,3138396193,mahnoor939@gmail.com,74394,51,2005,7
Sadia,37,3226888872,sadia940@gmail.com,101159,107,2011,1
Danish,50,3307698185,danish941@gmail.com,76351,58,2020,7
Kamran,57,3971027065,kamran942@gmail.com,59647,5,2005,8
Nida,51,3435423120,nida943@gmail.com,70388,5,2013,5
Ahmed,30,3520992400,ahmed944@gmail.com,94681,94,2019,2
Danish,44,3179921858,danish945@gmail.com,117377,118,2009,5
Fatima,52,3226667453,fatima946@gmail.com,100563,96,2005,6
Rabia,57,3264449758,rabia947@gmail.com,64419,8,2005,12
Waqas,60,3139461490,waqas948@gmail.com,104010,64,2016,2
Hassan,27,3997609216,hassan949@gmail.com,47965,10,2018,6
Tariq,30,3276667147,tariq950@gmail.com,59843,38,2005,6
Zeeshan,41,3246145894,zeeshan951@gmail.com,112253,111,2010,1
Sara,43,3432001539,sara952@gmail.com,91798,96,2006,1
Mariam,60,3749857705,mariam953@gmail.com,119179,112,2011,11
Amna,36,3714061196,amna954@gmail.com,83930,92,2017,10
Laiba,31,3890889057,laiba955@gmail.com,75624,81,2010,3
Rabia,51,3557217897,rabia956@gmail.com,113671,95,2024,10
Junaid,34,3909579348,junaid957@gmail.com,42413,8,2010,10
Kamran,35,3503345365,kamran958@gmail.com,97678,104,2004,12
Hassan,41,3637181048,hassan959@gmail.com,72392,25,2020,3
Salman,47,3944114819,salman960@gmail.com,89610,73,2012,4
Amna,39,3355134289,amna961@gmail.com,86799,66,2024,2
Ali,52,3977668292,ali962@gmail.com,102417,79,2016,9
Iqra,29,3533037074,iqra963@gmail.com,62093,50,2024,10
Ali,59,3741327489,ali964@gmail.com,97018,67,2022,12
Rabia,51,3521473035,rabia965@gmail.com,80282,49,2024,11
Tariq,52,3052450384,tariq966@gmail.com,76316,36,2022,7
Imran,21,3949756233,imran967@gmail.com,73181,68,2020,7
Faisal,52,3393921377,faisal968@gmail.com,94324,78,2013,6
Adnan,52,3789349125,adnan969@gmail.com,110624,105,2013,3
Farah,60,3824734087,farah970@gmail.com,78188,41,2007,6
Zeeshan,32,3336663164,zeeshan971@gmail.com,92332,89,2011,12
Iqra,49,3715909426,iqra972@gmail.com,115674,119,2023,8
Junaid,52,3529911230,junaid973@gmail.com,99915,62,2023,8
Junaid,32,3106364344,junaid974@gmail.com,102005,114,2021,11
Imran,45,3440101758,imran975@gmail.com,51865,10,2017,9
Kamran,41,3678130689,kamran976@gmail.com,61545,21,2021,1
Ali,58,3123079175,ali977@gmail.com,76986,36,2017,1
Sara,21,3127287033,sara978@gmail.com,45447,12,2023,3
Usman,57,3362677898,usman979@gmail.com,109793,91,2024,3
Ahmed,58,3585706107,ahmed980@gmail.com,117416,104,2018,10
Ali,45,3082947380,ali981@gmail.com,50053,2,2007,8
Adnan,34,3979305187,adnan982@gmail.com,101023,118,2016,10
Sadia,53,3848496137,sadia983@gmail.com,60132,13,2011,1
Salman,59,3271217108,salman984@gmail.com,96981,53,2021,2
Fatima,30,3236972243,fatima985@gmail.com,56434,32,2015,2
Mahnoor,22,3032121967,mahnoor986@gmail.com,81427,95,2017,3
Imran,25,3797905927,imran987@gmail.com,41309,16,2005,6
Hassan,28,3104880931,hassan988@gmail.com,54106,32,2021,1
Hassan,25,3364927452,hassan989@gmail.com,48743,32,2005,2
Fatima,28,3582198121,fatima990@gmail.com,89428,98,2014,1
Ahmed,58,3799920587,ahmed991@gmail.com,63129,11,2012,5
Adnan,50,3028715260,adnan992@gmail.com,57853,10,2015,7
Salman,51,3679925261,salman993@gmail.com,73991,15,2020,8
Hassan,60,3455271151,hassan994@gmail.com,72886,17,2018,10
Adnan,31,3806237621,adnan995@gmail.com,60842,40,2020,1
Hassan,27,3114908116,hassan996@gmail.com,42981,18,2021,7
Mariam,27,3236725077,mariam997@gmail.com,68853,55,2009,5
Mariam,47,3249843348,mariam998@gmail.com,87620,73,2020,10
Waqas,39,3587745515,waqas999@gmail.com,62724,25,2021,1
